{
  "avg_forward_time": 0.0693165946536594,
  "avg_backward_time": 0.04101769351959229,
  "avg_total_time": 0.12693903054131403
}